{"is_source_file": true, "format": "bash", "description": "A shell script to initialize, start, and manage a PostgreSQL database server with setup for user permissions, schema initialization, and connection info.", "external_files": ["/usr/lib/postgresql/", "/var/lib/postgresql/data/PG_VERSION", "init_schema.sql", "db_connection.txt", "db_visualizer/postgres.env"], "external_methods": ["ls", "head", "sudo", "pgrep", "psql", "initdb", "createdb"], "published": [], "classes": [], "methods": [], "calls": ["/usr/lib/postgresql/${PG_VERSION}/bin/pg_isready", "/usr/lib/postgresql/${PG_VERSION}/bin/psql", "/usr/lib/postgresql/${PG_VERSION}/bin/initdb", "/usr/lib/postgresql/${PG_VERSION}/bin/postgres", "/usr/lib/postgresql/${PG_VERSION}/bin/createdb"], "search-terms": ["PostgreSQL startup script", "initdb", "pg_isready", "psql", "scheme initialization", "database setup", "database user permissions", "start PostgreSQL in background", "connection string"], "state": 2, "file_id": 5, "knowledge_revision": 10, "git_revision": "f42a50000670a18800c5f247bdb4617d98bbe56a", "hash": "351573db93b6afb2aa13880324039db8", "format-version": 4, "code-base-name": "notes_database", "filename": "notes_database/startup.sh", "revision_history": [{"10": "f42a50000670a18800c5f247bdb4617d98bbe56a"}]}