{"is_source_file": false, "format": "", "description": "", "external_files": [], "external_methods": [], "published": [], "classes": [], "methods": [], "calls": [], "search-terms": [], "state": 2, "file_id": 9, "knowledge_revision": 11, "git_revision": "f42a50000670a18800c5f247bdb4617d98bbe56a", "hash": "93adb914bd7db1dd7fee40eff13b6a3a", "format-version": 4, "code-base-name": "notes_database", "filename": "notes_database/init_schema.sql", "revision_history": [{"11": "f42a50000670a18800c5f247bdb4617d98bbe56a"}]}